Date,Open,High,Low,Close,Volume,Change
2020-01-02,542000,545000,539000,541000,40246,0.0
2020-01-03,547000,568000,542000,565000,112404,0.0443622920517559
2020-01-06,562000,587000,562000,579000,107006,0.024778761061946986
2020-01-07,583000,596000,574000,594000,84378,0.02590673575129543
2020-01-08,587000,604000,584000,604000,109267,0.01683501683501687
2020-01-09,597000,608000,596000,608000,71171,0.0066225165562914245
2020-01-10,605000,618000,605000,608000,53031,0.0
2020-01-13,605000,615000,604000,614000,66084,0.009868421052631637
2020-01-14,614000,615000,605000,610000,64120,-0.006514657980456029
2020-01-15,608000,622000,608000,619000,56839,0.014754098360655776
2020-01-16,624000,637000,617000,632000,79907,0.02100161550888524
2020-01-17,633000,641000,625000,631000,49319,-0.0015822784810126667
2020-01-20,632000,641000,627000,630000,40779,-0.0015847860538826808
2020-01-21,630000,641000,627000,632000,59896,0.0031746031746031633
2020-01-22,638000,644000,632000,643000,56758,0.017405063291139333
2020-01-23,640000,646000,638000,646000,51057,0.004665629860031162
2020-01-28,637000,652000,636000,644000,90471,-0.003095975232198178
2020-01-29,644000,658000,641000,649000,80218,0.007763975155279601
2020-01-30,651000,665000,651000,655000,77424,0.009244992295839749
2020-01-31,659000,659000,632000,636000,107016,-0.02900763358778624
2020-02-03,636000,648000,633000,640000,94982,0.0062893081761006275
2020-02-04,646000,660000,638000,656000,71409,0.02499999999999991
2020-02-05,652000,664000,651000,657000,69095,0.0015243902439023849
2020-02-06,663000,675000,657000,670000,79693,0.019786910197869156
2020-02-07,663000,677000,662000,672000,58755,0.0029850746268655914
2020-02-10,661000,669000,638000,648000,120937,-0.0357142857142857
2020-02-11,648000,656000,631000,644000,120028,-0.006172839506172867
2020-02-12,636000,660000,635000,650000,172621,0.009316770186335477
2020-02-13,647000,654000,624000,629000,156229,-0.03230769230769226
2020-02-14,635000,661000,630000,657000,157977,0.044515103338632844
2020-02-17,660000,666000,651000,658000,44676,0.0015220700152207556
2020-02-18,652000,658000,646000,655000,52270,-0.00455927051671734
2020-02-19,667000,689000,660000,687000,140128,0.04885496183206106
2020-02-20,700000,711000,674000,676000,110032,-0.01601164483260553
2020-02-21,661000,689000,661000,669000,79837,-0.010355029585798814
2020-02-24,670000,687000,661000,663000,96037,-0.008968609865470878
2020-02-25,667000,669000,648000,669000,92439,0.009049773755656076
2020-02-26,665000,673000,657000,672000,89770,0.004484304932735439
2020-02-27,668000,675000,649000,654000,68808,-0.0267857142857143
2020-02-28,654000,659000,641000,649000,122145,-0.007645259938837912
2020-03-02,657000,665000,639000,661000,75909,0.018489984591679498
2020-03-03,675000,686000,669000,679000,111858,0.027231467473525006
2020-03-04,698000,723000,692000,720000,156369,0.06038291605301915
2020-03-05,722000,725000,705000,711000,115007,-0.012499999999999956
2020-03-06,703000,707000,694000,700000,94325,-0.015471167369901506
2020-03-09,695000,696000,671000,680000,93380,-0.02857142857142858
2020-03-10,666000,689000,666000,676000,117053,-0.00588235294117645
2020-03-11,671000,680000,654000,666000,112122,-0.014792899408283988
2020-03-12,661000,661000,620000,641000,178886,-0.037537537537537524
2020-03-13,581000,661000,580000,641000,229329,0.0
2020-03-16,636000,656000,593000,595000,201806,-0.07176287051482055
2020-03-17,561000,597000,561000,577000,271203,-0.030252100840336138
2020-03-18,583000,608000,570000,570000,211341,-0.012131715771230511
2020-03-19,580000,588000,504000,530000,400206,-0.07017543859649122
2020-03-20,559000,574000,542000,567000,236382,0.06981132075471708
2020-03-23,532000,597000,531000,572000,175741,0.008818342151675429
2020-03-24,587000,650000,584000,649000,236136,0.13461538461538458
2020-03-25,678000,690000,626000,651000,183766,0.0030816640986133237
2020-03-26,651000,660000,621000,625000,171361,-0.03993855606758834
2020-03-27,645000,646000,611000,622000,167169,-0.0048000000000000265
2020-03-30,611000,632000,604000,624000,95800,0.003215434083601254
2020-03-31,621000,657000,621000,652000,193212,0.044871794871794934
2020-04-01,647000,670000,614000,618000,123474,-0.05214723926380371
2020-04-02,638000,666000,620000,656000,148473,0.06148867313915862
2020-04-03,649000,657000,634000,647000,99891,-0.013719512195121908
2020-04-06,652000,678000,651000,678000,97158,0.04791344667697062
2020-04-07,674000,687000,664000,675000,99068,-0.004424778761061954
2020-04-08,667000,675000,659000,663000,106457,-0.01777777777777778
2020-04-09,663000,668000,648000,655000,163906,-0.012066365007541435
2020-04-10,657000,659000,645000,650000,87704,-0.007633587786259555
2020-04-13,651000,659000,648000,651000,50919,0.0015384615384614886
2020-04-14,653000,656000,648000,656000,80586,0.007680491551459223
2020-04-16,656000,663000,645000,655000,112493,-0.0015243902439023849
2020-04-17,661000,664000,645000,649000,143976,-0.009160305343511421
2020-04-20,649000,657000,638000,642000,116669,-0.01078582434514641
2020-04-21,644000,650000,620000,642000,124368,0.0
2020-04-22,641000,677000,632000,677000,139859,0.054517133956386354
2020-04-23,671000,680000,660000,661000,104028,-0.02363367799113736
2020-04-24,656000,673000,648000,653000,98673,-0.012102874432677768
2020-04-27,650000,653000,625000,630000,216386,-0.03522205206738127
2020-04-28,631000,648000,630000,648000,100854,0.02857142857142847
2020-04-29,647000,648000,639000,643000,89309,-0.007716049382716084
2020-05-04,633000,635000,622000,624000,127354,-0.029548989113530322
2020-05-06,639000,641000,629000,641000,79496,0.027243589743589647
2020-05-07,641000,652000,639000,646000,86250,0.007800312012480548
2020-05-08,653000,688000,650000,679000,194176,0.051083591331269274
2020-05-11,685000,709000,685000,699000,131682,0.02945508100147265
2020-05-12,704000,749000,691000,747000,344771,0.06866952789699576
2020-05-13,748000,755000,715000,721000,175101,-0.03480589022757696
2020-05-14,730000,759000,728000,753000,214951,0.04438280166435504
2020-05-15,759000,759000,732000,745000,100195,-0.010624169986719778
2020-05-18,745000,750000,723000,727000,110727,-0.024161073825503365
2020-05-19,727000,737000,713000,732000,111353,0.00687757909215958
2020-05-20,746000,750000,738000,750000,89022,0.024590163934426146
2020-05-21,741000,794000,738000,792000,208754,0.05600000000000005
2020-05-22,794000,799000,777000,790000,93494,-0.002525252525252486
2020-05-25,796000,832000,792000,812000,103070,0.02784810126582271
2020-05-26,813000,826000,786000,801000,114011,-0.013546798029556606
2020-05-27,773000,792000,773000,787000,93977,-0.017478152309613026
2020-05-28,778000,802000,771000,792000,111114,0.006353240152477735
2020-05-29,804000,813000,790000,790000,106253,-0.002525252525252486
2020-06-01,786000,820000,784000,816000,84776,0.032911392405063244
2020-06-02,813000,823000,808000,810000,67525,-0.007352941176470562
2020-06-03,807000,819000,790000,792000,120560,-0.022222222222222254
2020-06-04,783000,801000,780000,800000,104491,0.010101010101010166
2020-06-05,801000,810000,791000,805000,70207,0.006250000000000089
2020-06-08,809000,814000,793000,797000,71804,-0.009937888198757738
2020-06-09,797000,809000,794000,800000,78631,0.0037641154328733606
2020-06-10,809000,837000,803000,822000,127949,0.02750000000000008
2020-06-11,822000,837000,814000,825000,131861,0.0036496350364962904
2020-06-12,812000,836000,801000,824000,107916,-0.00121212121212122
2020-06-15,816000,853000,806000,810000,152388,-0.016990291262135915
2020-06-16,825000,875000,820000,875000,149986,0.08024691358024683
2020-06-17,875000,888000,848000,866000,113585,-0.010285714285714231
2020-06-18,857000,863000,832000,832000,115343,-0.03926096997690531
2020-06-19,843000,857000,824000,857000,99988,0.030048076923076872
2020-06-22,842000,896000,839000,888000,113368,0.03617269544924162
2020-06-23,900000,957000,895000,920000,143448,0.03603603603603611
2020-06-24,915000,945000,909000,943000,91604,0.02499999999999991
2020-06-25,935000,940000,912000,912000,88590,-0.0328738069989396
2020-06-26,924000,928000,901000,909000,84137,-0.003289473684210509
2020-06-29,909000,924000,887000,890000,80756,-0.020902090209020896
2020-06-30,896000,911000,882000,891000,97938,0.0011235955056179137
2020-07-01,904000,909000,890000,893000,74232,0.002244668911335568
2020-07-02,899000,964000,895000,964000,220292,0.07950727883538633
2020-07-03,961000,963000,941000,944000,81378,-0.020746887966805017
2020-07-06,943000,997000,941000,995000,138049,0.05402542372881358
2020-07-07,976000,980000,960000,962000,187793,-0.03316582914572863
2020-07-08,956000,962000,936000,945000,132370,-0.017671517671517645
2020-07-09,955000,959000,943000,947000,130821,0.002116402116402183
2020-07-10,947000,975000,940000,944000,128027,-0.0031678986272439813
2020-07-13,949000,978000,931000,965000,117007,0.022245762711864403
2020-07-14,950000,965000,938000,946000,91158,-0.01968911917098448
2020-07-15,945000,958000,925000,928000,110775,-0.019027484143763207
2020-07-16,915000,923000,875000,879000,199187,-0.05280172413793105
2020-07-17,872000,897000,871000,880000,84865,0.0011376564277587597
2020-07-20,880000,881000,848000,859000,117063,-0.02386363636363631
2020-07-21,860000,876000,856000,859000,127020,0.0
2020-07-22,852000,866000,835000,861000,93362,0.002328288707799775
2020-07-23,844000,850000,805000,811000,339183,-0.058072009291521454
2020-07-24,805000,828000,796000,802000,197544,-0.011097410604192337
2020-07-27,797000,807000,785000,785000,145319,-0.021197007481296715
2020-07-28,788000,803000,786000,794000,177440,0.01146496815286624
2020-07-29,797000,824000,796000,812000,179741,0.02267002518891692
2020-07-30,817000,832000,807000,825000,137745,0.016009852216748666
2020-07-31,832000,832000,810000,811000,101033,-0.016969696969696968
2020-08-03,815000,844000,813000,844000,152000,0.040690505548705236
2020-08-04,852000,860000,827000,846000,122293,0.0023696682464455776
2020-08-05,841000,847000,836000,846000,69372,0.0
2020-08-06,846000,854000,840000,854000,98102,0.009456264775413725
2020-08-07,860000,885000,856000,865000,141611,0.012880562060889833
2020-08-10,866000,866000,835000,841000,112532,-0.02774566473988438
2020-08-11,827000,846000,812000,840000,113783,-0.0011890606420927874
2020-08-12,836000,850000,827000,850000,94342,0.011904761904761862
2020-08-13,840000,905000,834000,897000,363276,0.055294117647058716
2020-08-14,898000,898000,859000,872000,133502,-0.027870680044593144
2020-08-18,877000,887000,824000,834000,170816,-0.04357798165137616
2020-08-19,836000,849000,822000,841000,175606,0.008393285371702586
2020-08-20,833000,843000,780000,783000,271930,-0.06896551724137934
2020-08-21,799000,825000,792000,823000,158623,0.05108556832694755
2020-08-24,830000,842000,810000,841000,106150,0.021871202916160293
2020-08-25,838000,841000,817000,826000,101156,-0.017835909631391256
2020-08-26,827000,830000,816000,818000,93233,-0.009685230024213065
2020-08-27,822000,867000,821000,863000,232351,0.055012224938875365
2020-08-28,865000,865000,843000,856000,99519,-0.008111239860950192
2020-08-31,859000,862000,822000,825000,135345,-0.03621495327102808
2020-09-01,821000,834000,819000,828000,98347,0.0036363636363636598
2020-09-02,840000,855000,834000,850000,108559,0.02657004830917864
2020-09-03,848000,850000,833000,835000,70056,-0.01764705882352946
2020-09-04,813000,825000,808000,813000,123738,-0.026347305389221587
2020-09-07,816000,819000,809000,812000,69441,-0.0012300123001229846
2020-09-08,814000,818000,809000,811000,54468,-0.0012315270935960854
2020-09-09,803000,809000,791000,791000,102424,-0.024660912453760786
2020-09-10,803000,839000,798000,830000,172103,0.04930467762326174
2020-09-11,827000,839000,810000,818000,99961,-0.014457831325301207
2020-09-14,824000,830000,806000,830000,72282,0.014669926650366705
2020-09-15,820000,833000,817000,824000,70656,-0.0072289156626506035
2020-09-16,827000,848000,822000,822000,91741,-0.0024271844660194164
2020-09-17,821000,822000,802000,805000,91497,-0.020681265206812682
2020-09-18,810000,823000,806000,821000,83953,0.019875776397515477
2020-09-21,812000,827000,804000,804000,65547,-0.020706455542021884
2020-09-22,807000,813000,785000,787000,101535,-0.021144278606965217
2020-09-23,790000,811000,787000,805000,107700,0.02287166454891998
2020-09-24,796000,799000,785000,787000,81161,-0.022360248447204967
2020-09-25,797000,797000,778000,784000,67824,-0.003811944091486663
2020-09-28,794000,808000,784000,799000,76993,0.01913265306122458
2020-09-29,809000,810000,791000,806000,76019,0.008760951188986343
2020-10-05,810000,811000,780000,789000,111800,-0.021091811414392092
2020-10-06,794000,795000,786000,788000,69582,-0.0012674271229404788
2020-10-07,781000,785000,761000,768000,172973,-0.025380710659898442
2020-10-08,750000,768000,750000,751000,226092,-0.02213541666666663
2020-10-12,755000,763000,750000,754000,123601,0.003994673768308976
2020-10-13,755000,760000,751000,754000,77742,0.0
2020-10-14,751000,758000,751000,752000,94309,-0.0026525198938992522
2020-10-15,750000,756000,746000,750000,72571,-0.0026595744680850686
2020-10-16,753000,774000,746000,767000,135943,0.022666666666666613
2020-10-19,774000,781000,770000,771000,105467,0.0052151238591917615
2020-10-20,780000,796000,773000,794000,147983,0.0298313878080414
2020-10-21,799000,813000,794000,809000,108005,0.018891687657430767
2020-10-22,807000,820000,798000,811000,85163,0.0024721878862794533
2020-10-23,816000,816000,791000,796000,80718,-0.018495684340320562
2020-10-26,794000,809000,788000,796000,49132,0.0
2020-10-27,785000,800000,780000,782000,81633,-0.017587939698492483
2020-10-28,776000,803000,775000,802000,78286,0.025575447570332477
2020-10-29,795000,815000,793000,813000,88029,0.013715710723191998
2020-10-30,811000,813000,774000,776000,92285,-0.045510455104551095
2020-11-02,782000,795000,777000,778000,48696,0.002577319587628857
2020-11-03,778000,792000,778000,782000,48350,0.005141388174807249
2020-11-04,791000,838000,787000,837000,197108,0.07033248081841426
2020-11-05,847000,847000,826000,843000,108701,0.007168458781362075
2020-11-06,836000,848000,830000,848000,91315,0.005931198102016699
2020-11-09,841000,852000,838000,844000,71482,-0.004716981132075526
2020-11-10,802000,818000,797000,797000,172812,-0.055687203791469186
2020-11-11,783000,807000,783000,801000,116090,0.005018820577164407
2020-11-12,796000,810000,791000,791000,102690,-0.012484394506866447
2020-11-13,791000,809000,791000,808000,70746,0.02149178255372952
2020-11-16,808000,811000,795000,800000,103301,-0.00990099009900991
2020-11-17,794000,794000,782000,789000,105203,-0.01375000000000004
2020-11-18,783000,808000,783000,800000,77490,0.013941698352344822
2020-11-19,798000,830000,798000,828000,111578,0.03499999999999992
2020-11-20,831000,832000,814000,828000,78708,0.0
2020-11-23,840000,840000,818000,822000,84643,-0.007246376811594235
2020-11-24,818000,822000,810000,820000,84186,-0.0024330900243308973
2020-11-25,820000,822000,805000,805000,116634,-0.018292682926829285
2020-11-26,803000,816000,803000,816000,67165,0.013664596273291973
2020-11-27,811000,829000,810000,822000,78210,0.007352941176470562
2020-11-30,820000,822000,810000,810000,122666,-0.014598540145985384
2020-12-01,821000,860000,815000,852000,193153,0.051851851851851816
2020-12-02,856000,865000,846000,859000,129594,0.008215962441314506
2020-12-03,882000,897000,860000,878000,154197,0.022118742724097862
2020-12-04,861000,874000,860000,867000,87676,-0.01252847380410027
2020-12-07,876000,878000,859000,871000,86365,0.0046136101499423265
2020-12-08,875000,878000,859000,874000,79721,0.003444316877152742
2020-12-09,881000,900000,875000,879000,123243,0.005720823798627039
2020-12-10,869000,884000,859000,878000,116303,-0.0011376564277588708
2020-12-11,897000,897000,880000,888000,75400,0.011389521640091216
2020-12-14,896000,903000,885000,885000,118049,-0.0033783783783783994
2020-12-15,887000,889000,867000,875000,74491,-0.011299435028248594
2020-12-16,872000,884000,866000,868000,72835,-0.008000000000000007
2020-12-17,870000,875000,864000,868000,66222,0.0
2020-12-18,871000,881000,863000,863000,75312,-0.005760368663594417
2020-12-21,863000,867000,851000,864000,62278,0.0011587485515642815
2020-12-22,865000,876000,859000,865000,84346,0.0011574074074074403
2020-12-23,873000,899000,870000,888000,141506,0.026589595375722475
2020-12-24,894000,903000,888000,897000,96941,0.010135135135135087
2020-12-28,898000,903000,888000,898000,112704,0.0011148272017837968
2020-12-29,899000,919000,899000,913000,139932,0.016703786191536674
2020-12-30,913000,934000,911000,931000,118667,0.019715224534501585
2021-01-04,949000,985000,935000,978000,151790,0.050483351235230955
2021-01-05,973000,993000,960000,985000,122865,0.007157464212679043
2021-01-06,991000,997000,950000,953000,169260,-0.03248730964467006
2021-01-07,962000,963000,939000,947000,118410,-0.006295907660020972
2021-01-08,956000,1000000,949000,995000,198693,0.05068637803590281
2021-01-11,993000,1006000,955000,978000,220317,-0.0170854271356784
2021-01-12,963000,969000,926000,947000,192743,-0.0316973415132924
2021-01-13,946000,955000,933000,940000,123066,-0.007391763463569179
2021-01-14,932000,946000,930000,939000,97237,-0.0010638297872340718
2021-01-15,946000,960000,933000,935000,110598,-0.004259850905218299
2021-01-18,935000,949000,927000,938000,100252,0.0032085561497325887
2021-01-19,949000,968000,944000,957000,100320,0.02025586353944564
2021-01-20,969000,969000,950000,965000,93411,0.008359456635318674
2021-01-21,961000,974000,959000,970000,68683,0.005181347150259086
2021-01-22,971000,1000000,963000,989000,135835,0.019587628865979312
2021-01-25,989000,996000,972000,995000,80768,0.006066734074823055
2021-01-26,992000,997000,950000,953000,127191,-0.042211055276381915
2021-01-27,963000,992000,962000,978000,108151,0.026232948583420734
2021-01-28,960000,985000,951000,968000,98895,-0.010224948875255602
2021-01-29,962000,967000,940000,953000,141061,-0.015495867768595017
2021-02-01,953000,953000,935000,953000,83021,0.0
2021-02-02,956000,995000,954000,984000,132535,0.03252885624344182
2021-02-03,1003000,1032000,997000,1008000,201313,0.024390243902439046
2021-02-04,1002000,1005000,958000,962000,138692,-0.045634920634920584
2021-02-05,970000,977000,959000,976000,74762,0.01455301455301461
2021-02-08,994000,1048000,991000,1038000,239999,0.06352459016393452
2021-02-09,1028000,1036000,1002000,1006000,135965,-0.030828516377649273
2021-02-10,1018000,1046000,993000,1027000,154288,0.020874751491053667
2021-02-15,1026000,1027000,993000,999000,111745,-0.027263875365141188
2021-02-16,1001000,1019000,993000,1015000,85534,0.0160160160160161
2021-02-17,993000,1005000,988000,999000,88009,-0.015763546798029604
2021-02-18,1005000,1009000,991000,995000,69587,-0.004004004004004025
2021-02-19,993000,1005000,975000,997000,82183,0.0020100502512563345
2021-02-22,993000,997000,929000,931000,216700,-0.06619859578736209
2021-02-23,934000,945000,927000,931000,127023,0.0
2021-02-24,941000,969000,930000,934000,161574,0.0032223415682062218
2021-02-25,963000,973000,951000,972000,95195,0.04068522483940051
2021-02-26,951000,964000,932000,936000,130379,-0.03703703703703709
2021-03-02,949000,980000,940000,946000,113384,0.010683760683760646
2021-03-03,948000,964000,943000,962000,69600,0.016913319238900604
2021-03-04,960000,972000,946000,960000,97325,-0.0020790020790020236
2021-03-05,947000,950000,926000,931000,127784,-0.03020833333333328
2021-03-08,931000,942000,926000,931000,86957,0.0
2021-03-09,934000,937000,927000,931000,92247,0.0
2021-03-10,936000,944000,928000,932000,70912,0.0010741138560688146
2021-03-11,931000,944000,927000,931000,97451,-0.0010729613733905241
2021-03-12,936000,945000,932000,935000,47055,0.004296455424275036
2021-03-15,935000,937000,927000,930000,58908,-0.005347593582887722
2021-03-16,935000,965000,930000,954000,82668,0.02580645161290329
2021-03-17,959000,972000,937000,940000,70627,-0.014675052410901501
2021-03-18,946000,956000,934000,939000,67977,-0.0010638297872340718
2021-03-19,931000,943000,929000,933000,75701,-0.006389776357827448
2021-03-22,933000,940000,927000,932000,90722,-0.001071811361200381
2021-03-23,932000,939000,930000,931000,78190,-0.0010729613733905241
2021-03-24,937000,939000,930000,936000,48361,0.005370569280343629
2021-03-25,932000,934000,892000,906000,190165,-0.03205128205128205
2021-03-26,902000,909000,884000,898000,173281,-0.008830022075055233
2021-03-29,890000,890000,829000,834000,343144,-0.07126948775055675
2021-03-30,834000,852000,834000,845000,180279,0.01318944844124692
2021-03-31,857000,884000,851000,873000,152553,0.03313609467455625
2021-04-01,885000,887000,868000,875000,91499,0.002290950744558984
2021-04-02,880000,895000,877000,885000,52468,0.011428571428571344
2021-04-05,885000,890000,875000,885000,39659,0.0
2021-04-06,880000,887000,868000,870000,79923,-0.016949152542372836
2021-04-07,870000,878000,861000,868000,65101,-0.0022988505747126853
2021-04-08,868000,900000,862000,899000,127478,0.03571428571428581
2021-04-09,899000,933000,891000,925000,109902,0.028921023359288034
2021-04-12,910000,923000,901000,906000,60204,-0.020540540540540553
2021-04-13,901000,914000,889000,914000,76606,0.008830022075055233
2021-04-14,905000,920000,904000,916000,57371,0.002188183807439792
2021-04-15,912000,930000,908000,920000,61393,0.004366812227074135
2021-04-16,918000,923000,911000,912000,81063,-0.008695652173912993
2021-04-19,907000,907000,890000,894000,85734,-0.019736842105263164
2021-04-20,894000,901000,880000,882000,89387,-0.01342281879194629
2021-04-21,882000,884000,855000,857000,132714,-0.028344671201814053
2021-04-22,859000,862000,845000,850000,118343,-0.008168028004667427
2021-04-23,854000,855000,845000,849000,64336,-0.0011764705882353343
2021-04-26,844000,861000,835000,861000,125444,0.014134275618374659
2021-04-27,859000,862000,851000,858000,53668,-0.0034843205574912606
2021-04-28,858000,858000,835000,835000,76542,-0.026806526806526842
2021-04-29,832000,847000,831000,837000,70652,0.0023952095808383866
2021-04-30,832000,846000,828000,830000,79050,-0.008363201911589013
2021-05-03,837000,837000,818000,820000,53108,-0.012048192771084376
2021-05-04,815000,820000,802000,818000,72026,-0.0024390243902439046
2021-05-06,813000,815000,801000,806000,86423,-0.014669926650366705
2021-05-07,806000,844000,806000,830000,95745,0.02977667493796532
2021-05-10,816000,885000,810000,878000,257577,0.05783132530120483
2021-05-11,869000,869000,843000,850000,107129,-0.03189066059225509
2021-05-12,848000,851000,838000,847000,82939,-0.003529411764705892
2021-05-13,846000,847000,835000,841000,106031,-0.00708382526564344
2021-05-14,833000,842000,831000,831000,91373,-0.01189060642092743
2021-05-17,828000,835000,804000,815000,84788,-0.019253910950661868
2021-05-18,818000,834000,816000,823000,72893,0.009815950920245342
2021-05-20,822000,835000,806000,822000,107149,-0.0012150668286755595
2021-05-21,832000,854000,832000,853000,146618,0.03771289537712885
2021-05-24,851000,851000,832000,846000,68299,-0.008206330597889777
2021-05-25,841000,865000,841000,859000,72102,0.015366430260047359
2021-05-26,860000,873000,850000,856000,58256,-0.0034924330616996624
2021-05-27,856000,870000,848000,851000,134891,-0.005841121495327117
2021-05-28,842000,863000,842000,852000,69042,0.001175088131609936
2021-05-31,867000,875000,857000,868000,80686,0.018779342723004744
2021-06-01,873000,877000,864000,872000,54286,0.004608294930875667
2021-06-02,873000,879000,850000,854000,62526,-0.020642201834862428
2021-06-03,854000,859000,846000,851000,50460,-0.003512880562060894
2021-06-04,842000,849000,834000,843000,74482,-0.009400705052878933
2021-06-07,840000,852000,838000,843000,50361,0.0
2021-06-08,841000,853000,839000,843000,43630,0.0
2021-06-09,844000,870000,843000,858000,78067,0.017793594306049876
2021-06-10,860000,864000,846000,849000,81019,-0.010489510489510523
2021-06-11,851000,861000,838000,841000,89254,-0.009422850412249661
2021-06-14,841000,864000,840000,858000,55683,0.02021403091557672
2021-06-15,860000,869000,850000,853000,70241,-0.005827505827505797
2021-06-16,848000,857000,843000,848000,52423,-0.0058616647127783805
2021-06-17,843000,844000,822000,824000,128351,-0.028301886792452824
2021-06-18,827000,831000,818000,818000,87955,-0.007281553398058249
2021-06-21,819000,824000,815000,820000,57153,0.0024449877750611915
2021-06-22,822000,823000,811000,812000,67222,-0.009756097560975618
2021-06-23,818000,832000,814000,825000,85430,0.016009852216748666
2021-06-24,831000,839000,823000,830000,62944,0.0060606060606061
2021-06-25,822000,826000,817000,826000,54054,-0.004819277108433773
2021-06-28,823000,830000,818000,823000,38667,-0.003631961259079941
2021-06-29,848000,848000,820000,822000,81336,-0.0012150668286755595
2021-06-30,822000,828000,819000,820000,58171,-0.0024330900243308973
2021-07-01,822000,839000,821000,834000,91901,0.017073170731707332
2021-07-02,831000,834000,816000,818000,74312,-0.01918465227817745
2021-07-05,813000,828000,813000,826000,70101,0.009779951100244544
2021-07-06,829000,846000,826000,839000,91810,0.0157384987893463
2021-07-07,845000,846000,828000,834000,106417,-0.005959475566150174
2021-07-08,831000,838000,826000,834000,72782,0.0
2021-07-09,829000,830000,797000,800000,168113,-0.04076738609112707
2021-07-12,800000,801000,770000,772000,153684,-0.03500000000000003
2021-07-13,774000,777000,765000,777000,77487,0.006476683937823857
2021-07-14,777000,792000,777000,778000,81156,0.0012870012870012104
2021-07-15,779000,813000,777000,804000,130217,0.033419023136246784
2021-07-16,818000,840000,806000,839000,215329,0.04353233830845782
2021-07-19,836000,843000,825000,827000,75493,-0.014302741358760418
2021-07-20,823000,835000,814000,819000,69730,-0.0096735187424426
2021-07-21,827000,830000,804000,809000,74161,-0.012210012210012167
2021-07-22,807000,808000,790000,794000,106312,-0.018541409147095234
2021-07-23,794000,812000,794000,812000,59714,0.02267002518891692
2021-07-26,816000,832000,816000,823000,84115,0.013546798029556717
2021-07-27,832000,832000,804000,806000,79839,-0.020656136087484844
2021-07-28,812000,818000,805000,809000,71311,0.003722084367245637
2021-07-29,818000,845000,812000,841000,131076,0.0395550061804697
2021-07-30,838000,846000,823000,824000,79822,-0.02021403091557672
2021-08-02,833000,833000,810000,824000,68330,0.0
2021-08-03,827000,828000,803000,810000,90490,-0.016990291262135915
2021-08-04,805000,813000,796000,812000,62411,0.0024691358024691024
2021-08-05,813000,820000,810000,817000,54637,0.006157635467980205
2021-08-06,817000,824000,812000,823000,56948,0.007343941248469932
2021-08-09,811000,823000,810000,822000,57545,-0.0012150668286755595
2021-08-10,819000,827000,812000,815000,48300,-0.008515815085158196
2021-08-11,813000,814000,784000,790000,140713,-0.030674846625766916
2021-08-12,796000,806000,774000,806000,132552,0.020253164556962133
2021-08-13,806000,806000,780000,786000,106869,-0.02481389578163773
2021-08-17,786000,793000,766000,771000,96478,-0.01908396946564883
2021-08-18,766000,790000,763000,788000,97227,0.02204928664072625
2021-08-19,780000,858000,776000,853000,462871,0.0824873096446701
2021-08-20,859000,860000,820000,826000,213974,-0.03165298944900352
2021-08-23,835000,843000,820000,824000,98003,-0.002421307506053294
2021-08-24,829000,853000,822000,847000,148646,0.027912621359223344
2021-08-25,845000,853000,833000,837000,112832,-0.011806375442739103
2021-08-26,776000,788000,706000,709000,1048836,-0.15292712066905612
2021-08-27,686000,693000,650000,659000,1048784,-0.07052186177715092
2021-08-30,660000,661000,634000,649000,647555,-0.015174506828528056
2021-08-31,645000,660000,644000,660000,536884,0.016949152542372836
2021-09-01,652000,655000,635000,637000,416109,-0.034848484848484795
2021-09-02,635000,644000,627000,633000,325788,-0.006279434850863463
2021-09-03,633000,639000,621000,622000,339807,-0.017377567140600347
2021-09-06,623000,634000,621000,633000,318363,0.01768488745980701
2021-09-07,636000,637000,612000,616000,404637,-0.026856240126382325
2021-09-08,625000,626000,612000,612000,356279,-0.00649350649350644
2021-09-09,606000,613000,599000,611000,402540,-0.0016339869281045694
2021-09-10,608000,611000,601000,607000,192941,-0.006546644844517169
2021-09-13,608000,613000,585000,591000,311165,-0.02635914332784184
2021-09-14,587000,604000,585000,599000,215604,0.013536379018612488
2021-09-15,592000,603000,592000,596000,153174,-0.005008347245408995
2021-09-16,598000,602000,585000,589000,156629,-0.011744966442952975
2021-09-17,588000,592000,580000,587000,197939,-0.00339558573853993
2021-09-23,580000,599000,579000,584000,229079,-0.005110732538330498
2021-09-24,584000,599000,584000,596000,211003,0.020547945205479534
2021-09-27,592000,598000,582000,583000,169276,-0.021812080536912748
2021-09-28,582000,585000,571000,571000,167510,-0.020583190394511175
2021-09-29,561000,577000,558000,574000,172387,0.005253940455341555
2021-09-30,573000,618000,573000,603000,553567,0.05052264808362361
2021-10-01,608000,610000,593000,595000,236723,-0.013266998341625258
2021-10-05,586000,595000,562000,563000,264045,-0.05378151260504205
2021-10-06,565000,577000,559000,560000,196509,-0.005328596802841923
2021-10-07,561000,581000,561000,571000,181281,0.019642857142857073
2021-10-08,571000,585000,566000,578000,101743,0.012259194395796813
2021-10-12,573000,578000,555000,558000,151971,-0.03460207612456745
2021-10-13,559000,581000,559000,576000,158836,0.032258064516129004
2021-10-14,573000,584000,573000,582000,113142,0.01041666666666674
2021-10-15,585000,611000,585000,607000,246295,0.04295532646048117
2021-10-18,610000,610000,593000,596000,150754,-0.018121911037891292
2021-10-19,610000,630000,609000,629000,297797,0.05536912751677847
2021-10-20,632000,639000,619000,624000,206803,-0.007949125596184436
2021-10-21,624000,630000,617000,619000,117132,-0.008012820512820484
2021-10-22,615000,628000,615000,628000,98729,0.01453957996768973
2021-10-25,627000,631000,615000,622000,109647,-0.009554140127388533
2021-10-26,625000,632000,620000,627000,144237,0.008038585209003246
2021-10-27,627000,642000,624000,639000,170523,0.019138755980861344
2021-10-28,638000,639000,621000,621000,146467,-0.028169014084507005
2021-10-29,625000,633000,615000,627000,135990,0.009661835748792313
2021-11-01,633000,654000,625000,648000,255925,0.03349282296650724
2021-11-02,648000,651000,638000,643000,196240,-0.007716049382716084
2021-11-03,644000,667000,634000,657000,460304,0.021772939346811793
2021-11-04,610000,630000,567000,595000,1349029,-0.0943683409436834
2021-11-05,603000,631000,595000,624000,713135,0.04873949579831938
2021-11-08,665000,665000,618000,629000,621616,0.008012820512820484
2021-11-09,629000,638000,620000,627000,229981,-0.0031796502384737746
2021-11-10,623000,627000,594000,605000,371237,-0.03508771929824561
2021-11-11,590000,786000,589000,786000,3655331,0.29917355371900833
2021-11-12,757000,776000,694000,715000,1418735,-0.0903307888040712
2021-11-15,707000,738000,648000,660000,1243312,-0.07692307692307687
2021-11-16,670000,712000,660000,705000,881816,0.06818181818181812
2021-11-17,713000,739000,712000,725000,595201,0.028368794326241176
2021-11-18,734000,770000,715000,760000,687280,0.048275862068965614
2021-11-19,750000,773000,747000,750000,287805,-0.013157894736842146
2021-11-22,729000,749000,706000,748000,353347,-0.002666666666666706
2021-11-23,733000,749000,704000,708000,333227,-0.053475935828877
2021-11-24,708000,724000,704000,710000,215946,0.0028248587570620654
2021-11-25,722000,736000,697000,700000,293337,-0.014084507042253502
2021-11-26,706000,719000,688000,695000,251704,-0.0071428571428571175
2021-11-29,683000,711000,682000,689000,291632,-0.008633093525179825
2021-11-30,693000,704000,681000,681000,346895,-0.011611030478954953
2021-12-01,695000,718000,686000,701000,288900,0.029368575624082238
2021-12-02,701000,709000,673000,690000,229201,-0.015691868758915817
2021-12-03,706000,739000,699000,728000,352625,0.05507246376811592
2021-12-06,724000,731000,710000,712000,168956,-0.02197802197802201
2021-12-07,723000,736000,712000,717000,222365,0.0070224719101124045
2021-12-08,731000,747000,726000,732000,279082,0.02092050209205021
2021-12-09,742000,753000,728000,737000,279949,0.006830601092896238
2021-12-10,737000,742000,722000,727000,157302,-0.013568521031207648
2021-12-13,727000,730000,710000,714000,149373,-0.017881705639614887
2021-12-14,710000,711000,688000,697000,190779,-0.023809523809523836
2021-12-15,690000,697000,667000,673000,266446,-0.03443328550932567
2021-12-16,674000,680000,661000,680000,211953,0.010401188707280795
2021-12-17,669000,679000,666000,670000,232203,-0.014705882352941124
2021-12-20,667000,675000,655000,655000,142411,-0.02238805970149249
2021-12-21,654000,672000,648000,663000,105016,0.012213740458015376
2021-12-22,670000,677000,664000,665000,74586,0.003016591251885359
2021-12-23,665000,671000,651000,656000,124253,-0.013533834586466176
2021-12-24,658000,666000,654000,656000,88674,0.0
2021-12-27,658000,662000,646000,657000,99039,0.0015243902439023849
2021-12-28,660000,661000,653000,656000,109106,-0.0015220700152207556
2021-12-29,661000,665000,656000,660000,106055,0.0060975609756097615
2021-12-30,660000,660000,643000,643000,135434,-0.025757575757575757
2022-01-03,645000,689000,644000,667000,237394,0.03732503888024885
2022-01-04,662000,669000,654000,657000,111602,-0.014992503748125885
2022-01-05,652000,654000,622000,625000,196204,-0.0487062404870624
2022-01-06,617000,622000,599000,601000,206173,-0.03839999999999999
2022-01-07,606000,620000,603000,606000,125308,0.008319467554076532
2022-01-10,604000,619000,600000,614000,101203,0.013201320132013139
2022-01-11,609000,622000,601000,604000,146671,-0.016286644951140072
2022-01-12,609000,623000,608000,616000,113698,0.019867549668874274
2022-01-13,611000,618000,604000,605000,138024,-0.017857142857142905
2022-01-14,598000,599000,572000,583000,232460,-0.036363636363636376
2022-01-17,574000,595000,573000,588000,101567,0.00857632933104635
2022-01-18,587000,599000,576000,578000,81971,-0.017006802721088454
2022-01-19,578000,584000,574000,582000,108563,0.006920415224913601
2022-01-20,582000,585000,568000,578000,126446,-0.0068728522336769515
2022-01-21,572000,582000,563000,565000,192639,-0.02249134948096887
2022-01-24,564000,576000,563000,567000,142063,0.003539823008849474
2022-01-25,573000,579000,557000,558000,178822,-0.015873015873015928
2022-01-26,558000,572000,558000,562000,132939,0.007168458781362075
2022-01-27,563000,565000,531000,536000,225429,-0.0462633451957295
2022-01-28,537000,544000,522000,536000,230623,0.0
2022-02-03,537000,545000,525000,532000,238330,-0.007462686567164201
2022-02-04,532000,537000,517000,530000,310866,-0.003759398496240629
2022-02-07,535000,546000,529000,540000,201268,0.018867924528301883
2022-02-08,543000,557000,535000,540000,149213,0.0
2022-02-09,546000,549000,537000,540000,85492,0.0
2022-02-10,551000,565000,546000,550000,251453,0.0185185185185186
2022-02-11,541000,543000,509000,511000,623308,-0.07090909090909092
2022-02-14,499500,513000,497000,510000,217183,-0.00195694716242667
2022-02-15,510000,529000,509000,513000,181104,0.00588235294117645
2022-02-16,482500,497000,474500,492500,538594,-0.0399610136452242
2022-02-17,493500,512000,488000,501000,265895,0.01725888324873104
2022-02-18,493500,497000,487000,492500,242560,-0.01696606786427146
2022-02-21,488000,488000,478000,484000,246768,-0.017258883248730927
2022-02-22,472000,472500,459000,462500,331754,-0.044421487603305776
2022-02-23,466000,466500,461000,463500,243012,0.00216216216216214
2022-02-24,455000,457000,443500,448500,324246,-0.032362459546925515
2022-02-25,452500,454000,442500,444000,327605,-0.010033444816053505
2022-02-28,435000,447500,432000,443500,457922,-0.0011261261261261701
2022-03-02,448000,458000,446000,452000,206859,0.01916572717023679
2022-03-03,455000,460000,450500,459500,125339,0.0165929203539823
2022-03-04,457500,457500,436500,437000,250754,-0.04896626768226331
2022-03-07,430000,432000,423000,424500,162273,-0.028604118993134975
2022-03-08,417000,437000,417000,430500,186265,0.014134275618374659
2022-03-10,439500,452000,439500,443500,237760,0.030197444831591147
2022-03-11,449500,460000,444500,452000,210603,0.01916572717023679
2022-03-14,457000,458000,442500,444500,158520,-0.0165929203539823
2022-03-15,440000,445000,432000,440000,106615,-0.010123734533183382
2022-03-16,444500,448500,435500,440000,112638,0.0
2022-03-17,448500,476500,448500,467000,270376,0.06136363636363629
2022-03-18,471000,472000,462500,467000,133139,0.0
2022-03-21,474500,481000,463500,463500,155547,-0.00749464668094213
2022-03-22,465000,467500,460000,463000,89919,-0.0010787486515642097
2022-03-23,467000,476500,465500,469000,107935,0.012958963282937441
2022-03-24,465500,467500,458500,462500,90061,-0.013859275053304865
2022-03-25,464500,469000,462000,463500,69691,0.00216216216216214
2022-03-28,460500,460500,444000,457000,108484,-0.014023732470334394
2022-03-29,457000,468000,455500,462000,71994,0.010940919037199182
2022-03-30,465000,473500,462000,465000,96179,0.006493506493506551
2022-03-31,467000,479500,464500,467500,140432,0.005376344086021501
2022-04-01,465000,467500,458000,467000,72574,-0.0010695187165775666
2022-04-04,465500,479000,460500,476000,125127,0.01927194860813697
2022-04-05,479000,485000,473000,480000,112974,0.008403361344537785
2022-04-06,475000,483500,469000,474000,96750,-0.012499999999999956
2022-04-07,469000,471500,462000,462000,103079,-0.025316455696202556
2022-04-08,462500,466500,453500,458000,87055,-0.008658008658008698
2022-04-11,450500,459000,449000,453500,59322,-0.009825327510917026
2022-04-12,452000,461500,446500,458000,100684,0.009922822491730932
2022-04-13,455000,462000,453000,458500,63106,0.0010917030567685337
2022-04-14,459000,459000,447000,447000,122783,-0.025081788440567077
2022-04-15,447000,448500,440000,443000,66988,-0.008948545861297563
2022-04-18,440500,443000,437500,438500,53410,-0.010158013544018019
2022-04-19,442000,445000,439000,439500,46920,0.0022805017103761926
2022-04-20,440000,441500,436500,440000,57692,0.0011376564277587597
2022-04-21,440500,442000,437000,437000,55971,-0.006818181818181834
2022-04-22,432500,434500,419000,422500,116904,-0.03318077803203656
2022-04-25,415000,420000,412500,412500,85605,-0.023668639053254448
2022-04-26,413000,424500,412500,420000,88379,0.018181818181818077
2022-04-27,409000,411000,406000,410000,108179,-0.023809523809523836
2022-04-28,412000,416500,408000,412500,72140,0.0060975609756097615
2022-04-29,413500,422000,411000,421500,86030,0.021818181818181737
2022-05-02,415000,430500,414500,425000,88322,0.008303677342823335
2022-05-03,424500,435000,424000,432500,75191,0.01764705882352935
2022-05-04,432500,434500,419000,423000,103064,-0.02196531791907519
2022-05-06,417000,417000,410500,414000,55006,-0.021276595744680882
2022-05-09,408500,415000,408000,411000,54378,-0.007246376811594235
2022-05-10,407000,411000,395500,408000,110344,-0.007299270072992692
2022-05-11,404000,414500,404000,413000,68474,0.01225490196078427
2022-05-12,405000,413500,398500,398500,153743,-0.03510895883777243
2022-05-13,430000,452500,421000,439500,497078,0.10288582183186956
2022-05-16,445000,449000,420500,420500,160517,-0.04323094425483509
2022-05-17,420500,424500,416500,421500,103457,0.0023781212841855748
2022-05-18,423000,436500,423000,435500,139569,0.033214709371292894
2022-05-19,425500,437500,422500,429500,117248,-0.013777267508610747
2022-05-20,431500,450000,430000,450000,147275,0.047729918509895164
2022-05-23,449500,457000,445500,455000,103258,0.011111111111111072
2022-05-24,451000,454500,441500,442500,72359,-0.027472527472527486
2022-05-25,446500,450000,437000,444500,88365,0.004519774011299438
2022-05-26,444000,462000,443500,454500,148982,0.022497187851518552
2022-05-27,460500,462500,448500,451000,64043,-0.007700770077007646
2022-05-30,455500,459500,453000,456000,59645,0.011086474501108556
2022-05-31,458500,458500,451000,455000,193455,-0.002192982456140302
2022-06-02,455000,456000,442500,456000,88186,0.00219780219780219
2022-06-03,457000,459500,447500,449500,72734,-0.014254385964912242
2022-06-07,443500,446000,438000,441500,79090,-0.017797552836484987
2022-06-08,443000,464000,440500,459000,129839,0.039637599093997666
2022-06-09,457500,472500,455000,465500,189197,0.014161220043573008
2022-06-10,461000,467500,456000,457000,85094,-0.018259935553168627
2022-06-13,447000,449500,432000,436500,113403,-0.0448577680525164
2022-06-14,430000,436000,422500,427000,100198,-0.021764032073310458
2022-06-15,425500,429500,407500,411000,114187,-0.0374707259953162
2022-06-16,417000,421500,400500,401000,122400,-0.024330900243308973
2022-06-17,390500,404500,390000,398000,155193,-0.007481296758104716
2022-06-20,405500,409000,394500,399500,98357,0.0037688442211054607
2022-06-21,400000,415500,399500,411500,113707,0.030037546933667114
2022-06-22,412500,413000,403000,404500,104767,-0.017010935601458055
2022-06-23,405000,431000,404500,418500,212504,0.034610630407911014
2022-06-24,419500,436000,419500,435000,102099,0.03942652329749108
2022-06-27,435000,435000,417500,417500,126766,-0.04022988505747127
2022-06-28,417500,418000,397000,398500,250472,-0.045508982035928125
2022-06-29,394500,398500,387000,388500,145881,-0.025094102885821812
2022-06-30,385000,386500,349500,349500,442923,-0.10038610038610041
2022-07-01,353500,357500,347500,350000,175587,0.0014306151645206988
2022-07-04,350500,358000,349500,354500,123724,0.0128571428571429
2022-07-05,355000,370500,355000,362500,146662,0.02256699576868826
2022-07-06,360500,370500,358500,360500,152793,-0.0055172413793103114
2022-07-07,364000,377500,364000,376000,144863,0.04299583911234395
2022-07-08,378000,378500,372500,373500,98436,-0.0066489361702127825
2022-07-11,371000,375000,361000,363500,89594,-0.02677376171352075
2022-07-12,361500,365500,355000,358000,82614,-0.015130674002751032
2022-07-13,360500,369500,357500,366500,78174,0.023743016759776525
2022-07-14,362000,373000,361000,367500,109444,0.0027285129604366354
2022-07-15,369000,373000,361000,363500,60211,-0.010884353741496544
2022-07-18,366500,371000,362500,367500,59598,0.011004126547455195
2022-07-19,368000,370000,364000,367500,37041,0.0
2022-07-20,372500,380000,368500,372000,108095,0.012244897959183598
2022-07-21,372000,379500,369500,376000,105212,0.010752688172043001
2022-07-22,374500,380500,373500,373500,66150,-0.0066489361702127825
2022-07-25,373500,375500,361000,370000,83050,-0.009370816599732268
2022-07-26,368000,371000,365500,369500,57512,-0.0013513513513513375
2022-07-27,369000,370000,361500,362500,70268,-0.018944519621109657
2022-07-28,367500,371500,362500,364500,55318,0.0055172413793103114
2022-07-29,367500,381000,367000,372500,137501,0.021947873799725626
2022-08-01,372500,375500,369500,373000,48674,0.0013422818791946067
2022-08-02,373000,373000,365000,366500,66568,-0.017426273458445052
2022-08-03,366500,386500,365500,380500,137306,0.038199181446111785
2022-08-04,384500,389000,382000,385500,111758,0.013140604467805517
2022-08-05,388500,395000,384500,387500,93431,0.005188067444876765
2022-08-08,383500,390500,380500,388500,50862,0.002580645161290418
2022-08-09,388500,417500,383500,412000,272759,0.06048906048906044
2022-08-10,409000,413000,392500,393500,145587,-0.04490291262135926
2022-08-11,399500,407000,398500,405000,129476,0.029224904701397714
2022-08-12,402000,402500,382500,385000,314496,-0.04938271604938271
2022-08-16,379500,380000,368000,378000,202248,-0.018181818181818188
2022-08-17,379000,384500,375500,382500,107508,0.011904761904761862
2022-08-18,379000,386000,377000,382500,65992,0.0
2022-08-19,381500,383000,374500,374500,62056,-0.0209150326797386
2022-08-22,370500,373500,365000,372500,63890,-0.005340453938584733
2022-08-23,369000,374500,363500,363500,72891,-0.024161073825503365
2022-08-24,365000,367000,360000,361000,62121,-0.00687757909215958
2022-08-25,361500,373000,361500,368500,54576,0.020775623268697974
2022-08-26,369000,376000,367500,368500,56871,0.0
2022-08-29,359500,361500,351500,359500,98005,-0.024423337856173677
2022-08-30,359000,373500,359000,372000,64585,0.03477051460361613
2022-08-31,368000,379500,366000,378500,77287,0.017473118279569988
2022-09-01,374500,380000,371500,377000,80965,-0.003963011889035695
2022-09-02,377000,382000,365500,368000,91875,-0.023872679045092826
2022-09-05,368500,384000,368000,377500,80910,0.025815217391304435
2022-09-06,380000,380500,372000,374500,41138,-0.007947019867549643
2022-09-07,372000,373500,365500,368500,46861,-0.01602136181575431
2022-09-08,371500,383000,370500,371500,116331,0.008141112618724522
2022-09-13,380000,386500,379500,382500,74764,0.02960969044414541
2022-09-14,367000,379000,367000,372500,72772,-0.02614379084967322
2022-09-15,375000,377500,367000,368500,50201,-0.010738255033557076
2022-09-16,365500,372000,363000,368000,66015,-0.0013568521031207537
2022-09-19,368000,370500,351500,353000,102295,-0.040760869565217406
2022-09-20,358000,364000,355000,357000,62410,0.011331444759206777
2022-09-21,352000,359000,352000,356500,46591,-0.0014005602240896309
2022-09-22,350000,354500,346500,347000,85936,-0.02664796633941091
2022-09-23,349000,349000,325000,330000,138112,-0.04899135446685876
2022-09-26,327000,335000,325000,327000,100750,-0.009090909090909038
2022-09-27,328500,337000,321000,329000,111345,0.006116207951070374
2022-09-28,324500,331000,318500,323500,87924,-0.016717325227963542
2022-09-29,327000,342500,326500,334500,98931,0.03400309119010814
2022-09-30,334500,349000,330500,346000,114853,0.034379671150971625
2022-10-04,349000,358000,345000,356000,96425,0.028901734104046284
2022-10-05,357000,359500,343000,346500,76530,-0.026685393258427004
2022-10-06,346500,356500,343500,350500,50969,0.011544011544011523
2022-10-07,347000,352500,344000,349000,78955,-0.004279600570613384
2022-10-11,344000,344500,329500,336000,93937,-0.03724928366762181
2022-10-12,333500,338500,329000,337000,62551,0.0029761904761904656
2022-10-13,339000,341000,322500,322500,93182,-0.04302670623145399
2022-10-14,329000,336500,323000,335500,81220,0.04031007751937987
2022-10-17,329500,330000,324000,328000,60583,-0.02235469448584204
2022-10-18,335500,356000,335500,355500,161150,0.08384146341463405
2022-10-19,355500,369000,352500,362500,128667,0.019690576652601877
2022-10-20,358500,363000,354500,358000,106377,-0.012413793103448256
2022-10-21,357000,364000,349500,360000,75084,0.005586592178770999
2022-10-24,368500,376000,366500,370500,100744,0.029166666666666563
2022-10-25,371000,376000,368500,372500,82069,0.005398110661268607
2022-10-26,372500,390000,370000,380500,116441,0.021476510067114152
2022-10-27,387000,387500,377500,378500,58343,-0.005256241787122251
2022-10-28,379000,388000,373500,383000,65727,0.011889035667107084
2022-10-31,387000,391500,384000,390000,73188,0.018276762402088753
2022-11-01,391000,394500,381500,385500,56216,-0.011538461538461497
2022-11-02,385500,405500,385000,400500,143083,0.03891050583657596
2022-11-03,392500,394500,383000,385500,87626,-0.03745318352059923
2022-11-04,382500,407500,381000,404500,126982,0.04928664072632949
2022-11-07,404000,411500,399000,403000,80727,-0.003708281829419069
2022-11-08,405000,412000,399500,412000,89818,0.022332506203474045
2022-11-09,413000,417000,403500,411000,83718,-0.0024271844660194164
2022-11-10,409000,415000,405500,410000,87163,-0.0024330900243308973
2022-11-11,441000,476500,431000,465000,440586,0.13414634146341453
2022-11-14,462000,462500,440000,442000,195858,-0.04946236559139783
2022-11-15,447000,458000,444000,456500,137096,0.0328054298642535
2022-11-16,458500,469500,453500,461000,147285,0.009857612267250904
2022-11-17,461000,479500,461000,479500,208731,0.04013015184381774
2022-11-18,474500,477500,449000,451000,154174,-0.05943691345151203
2022-11-21,452500,463000,449000,459000,100645,0.017738359201773912
2022-11-22,459000,460000,444500,448500,68234,-0.022875816993464082
2022-11-23,451000,466500,451000,457500,94327,0.02006688963210701
2022-11-24,461500,465000,455000,459500,56798,0.004371584699453646
2022-11-25,457500,460000,448500,453000,67781,-0.014145810663764968
2022-11-28,449500,457000,447000,453000,67445,0.0
2022-11-29,453000,457000,450500,454500,43469,0.0033112582781456013
2022-11-30,456500,470500,455000,470500,174713,0.03520352035203511
2022-12-01,480500,481000,462500,464000,64809,-0.01381509032943673
2022-12-02,464500,475000,460000,469500,75419,0.0118534482758621
2022-12-05,472500,474000,451500,454500,129458,-0.03194888178913735
2022-12-06,451000,462500,450500,455000,72616,0.0011001100110010764
2022-12-07,459500,460000,452500,460000,63548,0.01098901098901095
2022-12-08,464500,466500,460500,466000,88638,0.01304347826086949
2022-12-09,469500,476500,464000,468000,98990,0.0042918454935623185
2022-12-12,463500,471500,463500,468000,48577,0.0
2022-12-13,461500,462000,424000,430500,218522,-0.08012820512820518
2022-12-14,436500,455500,436500,453000,171253,0.05226480836236935
2022-12-15,453000,454000,431500,434000,92393,-0.04194260485651213
2022-12-16,430000,439000,425000,438500,89694,0.010368663594469973
2022-12-19,432000,442500,431000,442500,51797,0.009122006841505215
2022-12-20,443000,443000,433000,438500,48869,-0.009039548022598876
2022-12-21,444000,444000,432000,434500,45281,-0.009122006841505104
2022-12-22,435000,439500,431500,438500,55490,0.009205983889528202
2022-12-23,430500,434500,426500,429500,47636,-0.02052451539338651
2022-12-26,430000,435000,427500,432000,40471,0.005820721769499437
2022-12-27,437000,441000,425500,432000,64630,0.0
2022-12-28,426000,439500,418000,433500,76809,0.003472222222222321
2022-12-29,443000,464500,443000,448000,173209,0.03344867358708181
2023-01-02,448500,449000,428500,431500,69875,-0.036830357142857095
2023-01-03,433000,456000,425000,454000,97157,0.052143684820394
2023-01-04,447000,451000,444500,448500,56073,-0.01211453744493396
2023-01-05,445000,454000,432500,432500,88752,-0.035674470457079166
2023-01-06,430500,442000,426000,428000,93529,-0.010404624277456698
2023-01-09,430000,443500,430000,441000,86163,0.030373831775700966
2023-01-10,441000,457500,439000,454000,85202,0.02947845804988658
2023-01-11,457500,459000,443500,446000,77363,-0.017621145374449365
2023-01-12,450000,454500,445000,449000,85887,0.006726457399103047
2023-01-13,456500,468500,456000,464000,102033,0.03340757238307357
2023-01-16,465000,480000,465000,476500,107220,0.0269396551724137
2023-01-17,476500,477000,465000,466000,58281,-0.022035676810073457
2023-01-18,469500,480000,468500,474000,71074,0.01716738197424883
2023-01-19,467000,477000,465500,469000,62843,-0.010548523206751037
2023-01-20,466000,467000,452000,456500,82189,-0.026652452025586304
2023-01-25,462000,470000,460500,467500,64975,0.024096385542168752
2023-01-26,467500,474000,462500,472000,56622,0.009625668449197766
2023-01-27,471000,478500,470500,475500,65231,0.00741525423728806
2023-01-30,473000,479500,460500,463000,99751,-0.02628811777076756
2023-01-31,462000,472000,454000,454000,111844,-0.01943844492440605
2023-02-01,454000,462000,451500,458500,78036,0.009911894273127775
2023-02-02,464500,469500,462500,466000,74803,0.016357688113413316
2023-02-03,466000,473500,462000,472000,91031,0.012875536480686733
2023-02-06,471000,475000,461000,461000,76287,-0.02330508474576276
2023-02-07,460000,468000,455500,467000,64715,0.013015184381778733
2023-02-08,469000,478000,466500,474500,77175,0.016059957173447437
2023-02-09,475000,475500,441500,447500,293302,-0.05690200210748153
2023-02-10,445000,445000,426000,428000,211195,-0.04357541899441342
2023-02-13,427000,430500,420000,428000,121608,0.0
2023-02-14,429500,430500,419500,421500,144662,-0.015186915887850483
2023-02-15,419000,419000,408500,409500,181822,-0.028469750889679735
2023-02-16,413000,419000,411000,413500,143120,0.009768009768009733
2023-02-17,409000,419500,404000,413500,108151,0.0
2023-02-20,415500,436000,411500,433500,148392,0.048367593712212775
2023-02-21,433500,447000,433500,445000,171187,0.026528258362168433
2023-02-22,439500,442500,435500,440000,99058,-0.011235955056179803
2023-02-23,454000,464500,452000,452500,201836,0.02840909090909083
2023-02-24,451000,451500,437000,438500,96751,-0.030939226519337004
2023-02-27,434000,437000,428500,431000,69326,-0.01710376282782211
2023-02-28,432000,443000,431000,434500,97752,0.008120649651972123
2023-03-02,434500,436000,424000,432500,113539,-0.004602991944764101
2023-03-03,436500,440000,422500,422500,97813,-0.023121387283236983
2023-03-06,428500,444000,428000,434500,151453,0.028402366863905293
2023-03-07,431500,431500,419000,420000,136350,-0.03337169159953968
2023-03-08,416000,420000,410000,410500,124863,-0.02261904761904765
2023-03-09,414000,418000,404000,405000,123220,-0.013398294762484775
2023-03-10,396000,399000,391000,396000,107496,-0.022222222222222254
2023-03-13,399500,400000,390500,396500,89461,0.0012626262626262985
2023-03-14,391000,398000,387500,389000,100594,-0.018915510718789386
2023-03-15,393500,395000,377500,380500,130406,-0.02185089974293064
2023-03-16,374500,377000,366500,372500,160198,-0.021024967148488782
2023-03-17,377500,383500,373500,383500,121667,0.029530201342281792
2023-03-20,383000,391500,376000,376500,114836,-0.018252933507170832
2023-03-21,384500,390500,378500,379500,106709,0.007968127490039834
2023-03-22,385500,390500,383500,388500,100697,0.02371541501976293
2023-03-23,383000,385000,379000,380000,82408,-0.02187902187902191
2023-03-24,381500,382000,372000,378000,89631,-0.0052631578947368585
2023-03-27,379000,380500,371500,372000,70585,-0.015873015873015928
2023-03-28,372500,374000,367500,372500,91557,0.0013440860215054862
2023-03-29,372000,375000,365500,371000,102447,-0.004026845637583931
2023-03-30,371000,376000,370000,371500,72852,0.0013477088948787852
2023-03-31,373500,374000,366000,371500,94059,0.0
2023-04-03,374500,377500,370000,370500,58662,-0.0026917900403768957
2023-04-04,371500,386000,371500,385500,110313,0.04048582995951411
2023-04-05,384500,388000,381000,381000,83629,-0.011673151750972721
2023-04-06,378000,385000,377000,378500,84115,-0.006561679790026198
2023-04-07,378500,382000,370000,370000,112951,-0.022457067371202122
2023-04-10,370500,377000,369000,371500,66521,0.004054054054054124
2023-04-11,370000,372500,363000,368500,104639,-0.008075370121130576
2023-04-12,368500,371500,363500,371000,92738,0.006784260515603879
2023-04-13,367000,377500,367000,374500,96608,0.009433962264151052
2023-04-14,377000,381500,373000,380000,114690,0.014686248331108098
2023-04-17,380500,381000,370000,377000,96352,-0.007894736842105288
2023-04-18,383000,388000,371000,377000,135340,0.0
2023-04-19,375500,378500,372500,374000,75985,-0.007957559681697646
2023-04-20,374500,380000,369000,371500,77805,-0.006684491978609652
2023-04-21,369500,371000,366000,367000,71258,-0.012113055181695809
2023-04-24,365500,370000,362500,363500,41960,-0.009536784741144388
2023-04-25,362000,366000,355500,356000,61714,-0.02063273727647863
2023-04-26,353000,372000,352500,367500,94701,0.032303370786516794
2023-04-27,365000,367500,361000,363000,48629,-0.01224489795918371
2023-04-28,363500,381500,362000,377000,113844,0.038567493112947604
2023-05-02,374500,390000,372000,388000,121504,0.02917771883289122
2023-05-03,384000,398000,383500,392500,103050,0.011597938144329856
2023-05-04,386000,394000,379000,387500,119381,-0.01273885350318471
2023-05-08,388000,400000,384500,395500,124323,0.020645161290322678
2023-05-09,394000,398000,387000,394000,101013,-0.0037926675094817064
2023-05-10,404500,404500,377000,387000,248005,-0.017766497461928932
2023-05-11,383500,388000,372500,372500,138162,-0.03746770025839796
2023-05-12,376000,382000,372500,379500,97359,0.01879194630872494
2023-05-15,372500,376000,364500,365000,112687,-0.03820816864295129
2023-05-16,368500,373000,365500,367000,65232,0.005479452054794498
2023-05-17,365000,369000,362000,366500,62731,-0.0013623978201634523
2023-05-18,367500,371000,364000,371000,69131,0.012278308321964637
2023-05-19,371000,377500,371000,375000,70622,0.010781671159029615
2023-05-22,380000,393000,378500,388000,131707,0.03466666666666662
2023-05-23,384500,390000,382000,388500,69855,0.0012886597938144284
2023-05-24,385500,385500,377500,382000,96886,-0.016731016731016735
2023-05-25,362000,375000,357000,358000,278650,-0.06282722513089001
2023-05-26,357000,359000,331500,333500,464475,-0.06843575418994419
2023-05-30,334000,335000,320500,323500,408771,-0.02998500749625188
2023-05-31,317000,324000,313000,321000,647107,-0.007727975270479082
2023-06-01,323000,326500,320000,321000,177303,0.0
2023-06-02,322500,325500,319000,319500,160514,-0.004672897196261627
2023-06-05,321500,322000,318000,320000,104551,0.0015649452269170805
2023-06-07,321000,323500,315000,315000,199238,-0.015625
2023-06-08,316000,316500,309500,311000,247450,-0.012698412698412653
2023-06-09,313500,318500,311500,315000,183416,0.012861736334405238
2023-06-12,315000,318000,308000,309000,167559,-0.01904761904761909
2023-06-13,312000,317500,311000,312500,141397,0.01132686084142387
2023-06-14,313000,313500,306500,308000,140976,-0.014399999999999968
2023-06-15,309000,312000,306000,307000,72192,-0.0032467532467532756
